日期,未编入索引,已编入索引,展示
2026-05-08,56,12,21
2026-05-09,56,12,24
2026-05-10,56,12,7
2026-05-11,56,12,22
2026-05-12,56,12,19
2026-05-13,56,12,11
2026-05-14,56,12,13
2026-05-15,56,12,14
2026-05-16,57,11,14
2026-05-17,57,11,12
2026-05-18,57,11,11
2026-05-19,58,10,8
2026-05-20,58,10,18
2026-05-21,58,10,6
2026-05-22,58,10,10
2026-05-23,58,10,9
2026-05-24,58,10,8
2026-05-25,58,10,11
2026-05-26,58,10,10
2026-05-27,58,10,24
2026-05-28,58,10,15
2026-05-29,58,10,23
2026-05-30,57,10,14
2026-05-31,57,10,34
2026-06-01,57,10,60
2026-06-02,57,10,55
2026-06-03,57,10,37
2026-06-04,57,10,35
2026-06-05,57,10,49
2026-06-06,57,10,37
2026-06-07,57,10,50
2026-06-08,57,10,38
2026-06-09,58,9,45
2026-06-10,58,9,42
2026-06-11,58,9,21
2026-06-12,58,9,22
2026-06-13,60,6,25
2026-06-14,60,6,21
2026-06-15,60,6,36
2026-06-16,60,6,27
2026-06-17,60,6,41
2026-06-18,60,6,31
2026-06-19,60,6,40
2026-06-20,60,6,41
2026-06-21,60,6,40
2026-06-22,60,6,93
2026-06-23,60,6,85
2026-06-24,60,6,66
2026-06-25,60,6,44
2026-06-26,60,6,83
2026-06-27,60,6,80
2026-06-28,60,6,42
2026-06-29,60,6,58
2026-06-30,60,6,81
2026-07-01,53,18,137
2026-07-02,53,18,140
2026-07-03,53,18,104
2026-07-04,53,18,118
2026-07-05,53,18,157
2026-07-06,53,18,154
2026-07-07,53,18,142
2026-07-08,53,18,126
2026-07-09,53,18,160
2026-07-10,53,18,188
2026-07-11,50,26,250
2026-07-12,50,26,226
2026-07-13,50,26,248
2026-07-14,50,26,302
2026-07-15,50,26,247
2026-07-16,50,26,297
2026-07-17,50,26,292
2026-07-18,50,26,230
2026-07-19,50,26,223
2026-07-20,50,26,203
2026-07-21,50,26,195
2026-07-22,50,26,197
2026-07-23,50,26,202
2026-07-24,50,26,187