url,page_type,http_status,final_url,redirects,canonical,indexability,scan_status,failure_reason,language,primary_keyword,keyword_source
https://theinvisiblecharacter.live/,首页,200,https://theinvisiblecharacter.live/,0,https://theinvisiblecharacter.live/,indexable,success,,en,Invisible Character Generator,[Inference] Title、H1、URL 和页面正文信号
https://theinvisiblecharacter.live/index-fr,多语言页,200,https://theinvisiblecharacter.live/index-fr,0,https://theinvisiblecharacter.live/index-fr,indexable,success,,fr,Caractère invisible,[Inference] Title、H1、URL 和页面正文信号
https://theinvisiblecharacter.live/about,法律与信任页面,200,https://theinvisiblecharacter.live/about,0,https://theinvisiblecharacter.live/about,indexable,success,,en,About TheInvisibleCharacter.live,[Inference] Title、H1、URL 和页面正文信号
https://theinvisiblecharacter.live/about-fr,法律与信任页面,200,https://theinvisiblecharacter.live/about-fr,0,https://theinvisiblecharacter.live/about-fr,indexable,success,,fr,À propos de TheInvisibleCharacter.live,[Inference] Title、H1、URL 和页面正文信号
https://theinvisiblecharacter.live/help,帮助页,200,https://theinvisiblecharacter.live/help,0,https://theinvisiblecharacter.live/help,indexable,success,,en,Help Center,[Inference] Title、H1、URL 和页面正文信号
https://theinvisiblecharacter.live/help-fr,帮助页,200,https://theinvisiblecharacter.live/help-fr,0,https://theinvisiblecharacter.live/help-fr,indexable,success,,fr,Centre d'Aide,[Inference] Title、H1、URL 和页面正文信号
https://theinvisiblecharacter.live/tools,工具页,200,https://theinvisiblecharacter.live/tools,0,https://theinvisiblecharacter.live/tools,indexable,success,,en,Invisible Character Tools,[Inference] Title、H1、URL 和页面正文信号
https://theinvisiblecharacter.live/discord-invisible-name-generator,工具页,200,https://theinvisiblecharacter.live/discord-invisible-name-generator,0,https://theinvisiblecharacter.live/discord-invisible-name-generator,indexable,success,,en,Discord Invisible Name Generator,[Inference] Title、H1、URL 和页面正文信号
https://theinvisiblecharacter.live/whatsapp-blank-message-generator,工具页,200,https://theinvisiblecharacter.live/whatsapp-blank-message-generator,0,https://theinvisiblecharacter.live/whatsapp-blank-message-generator,indexable,success,,en,WhatsApp Blank Message Generator,[Inference] Title、H1、URL 和页面正文信号
https://theinvisiblecharacter.live/fortnite-invisible-name-generator,工具页,200,https://theinvisiblecharacter.live/fortnite-invisible-name-generator,0,https://theinvisiblecharacter.live/fortnite-invisible-name-generator,indexable,success,,en,Fortnite Invisible Name Generator,[Inference] Title、H1、URL 和页面正文信号
https://theinvisiblecharacter.live/instagram-invisible-character-generator,工具页,200,https://theinvisiblecharacter.live/instagram-invisible-character-generator,0,https://theinvisiblecharacter.live/instagram-invisible-character-generator,indexable,success,,en,Instagram Invisible Character Generator,[Inference] Title、H1、URL 和页面正文信号
https://theinvisiblecharacter.live/tiktok-invisible-username-generator,工具页,200,https://theinvisiblecharacter.live/tiktok-invisible-username-generator,0,https://theinvisiblecharacter.live/tiktok-invisible-username-generator,indexable,success,,en,TikTok Invisible Username Generator,[Inference] Title、H1、URL 和页面正文信号
https://theinvisiblecharacter.live/invisible-name-generator,工具页,200,https://theinvisiblecharacter.live/invisible-name-generator,0,https://theinvisiblecharacter.live/invisible-name-generator,indexable,success,,en,Invisible Name Generator,[Inference] Title、H1、URL 和页面正文信号
https://theinvisiblecharacter.live/blank-text-generator,工具页,200,https://theinvisiblecharacter.live/blank-text-generator,0,https://theinvisiblecharacter.live/blank-text-generator,indexable,success,,en,Blank Text Generator & Invisible Character Remover,[Inference] Title、H1、URL 和页面正文信号
https://theinvisiblecharacter.live/fr/caractere-invisible,多语言页,200,https://theinvisiblecharacter.live/fr/caractere-invisible,0,https://theinvisiblecharacter.live/fr/caractere-invisible,indexable,success,,fr,Caractère invisible,[Inference] Title、H1、URL 和页面正文信号
https://theinvisiblecharacter.live/fr/pseudo-invisible-tiktok,多语言页,200,https://theinvisiblecharacter.live/fr/pseudo-invisible-tiktok,0,https://theinvisiblecharacter.live/fr/pseudo-invisible-tiktok,indexable,success,,fr,Pseudo TikTok invisible,[Inference] Title、H1、URL 和页面正文信号
https://theinvisiblecharacter.live/fr/message-vide-whatsapp,多语言页,200,https://theinvisiblecharacter.live/fr/message-vide-whatsapp,0,https://theinvisiblecharacter.live/fr/message-vide-whatsapp,indexable,success,,fr,Message vide WhatsApp,[Inference] Title、H1、URL 和页面正文信号
https://theinvisiblecharacter.live/fr/saut-de-ligne-instagram,多语言页,200,https://theinvisiblecharacter.live/fr/saut-de-ligne-instagram,0,https://theinvisiblecharacter.live/fr/saut-de-ligne-instagram,indexable,success,,fr,Saut de ligne Instagram,[Inference] Title、H1、URL 和页面正文信号
https://theinvisiblecharacter.live/fr/pseudo-invisible-discord,多语言页,200,https://theinvisiblecharacter.live/fr/pseudo-invisible-discord,0,https://theinvisiblecharacter.live/fr/pseudo-invisible-discord,indexable,success,,fr,Pseudo Discord invisible,[Inference] Title、H1、URL 和页面正文信号
https://theinvisiblecharacter.live/developer,其他可索引页面,200,https://theinvisiblecharacter.live/developer,0,https://theinvisiblecharacter.live/developer,indexable,success,,en,Unicode Invisible Characters Developer Guide,[Inference] Title、H1、URL 和页面正文信号
https://theinvisiblecharacter.live/blog/,内容页或博客页,200,https://theinvisiblecharacter.live/blog/,0,https://theinvisiblecharacter.live/blog/,indexable,success,,en,Blog,[Inference] Title、H1、URL 和页面正文信号
https://theinvisiblecharacter.live/blog/fr/,多语言页,200,https://theinvisiblecharacter.live/blog/fr/,0,https://theinvisiblecharacter.live/blog/fr/,indexable,success,,fr,Blog TheInvisibleCharacter.live,[Inference] Title、H1、URL 和页面正文信号
https://theinvisiblecharacter.live/blog/instagram-invisible-characters,内容页或博客页,200,https://theinvisiblecharacter.live/blog/instagram-invisible-characters,0,https://theinvisiblecharacter.live/blog/instagram-invisible-characters,indexable,success,,en,How to Create Perfect Instagram Bios with Invisible Characters,[Inference] Title、H1、URL 和页面正文信号
https://theinvisiblecharacter.live/blog/fortnite-invisible-name,内容页或博客页,200,https://theinvisiblecharacter.live/blog/fortnite-invisible-name,0,https://theinvisiblecharacter.live/blog/fortnite-invisible-name,indexable,success,,en,Gamer's Guide,[Inference] Title、H1、URL 和页面正文信号
https://theinvisiblecharacter.live/blog/whatsapp-invisible-messages,内容页或博客页,200,https://theinvisiblecharacter.live/blog/whatsapp-invisible-messages,0,https://theinvisiblecharacter.live/blog/whatsapp-invisible-messages,indexable,success,,en,WhatsApp Invisible Messages,[Inference] Title、H1、URL 和页面正文信号
https://theinvisiblecharacter.live/blog/technical-guide-invisible-characters,内容页或博客页,200,https://theinvisiblecharacter.live/blog/technical-guide-invisible-characters,0,https://theinvisiblecharacter.live/blog/technical-guide-invisible-characters,indexable,success,,en,Technical Guide to Invisible Characters,[Inference] Title、H1、URL 和页面正文信号
https://theinvisiblecharacter.live/blog/creative-ways-invisible-characters,内容页或博客页,200,https://theinvisiblecharacter.live/blog/creative-ways-invisible-characters,0,https://theinvisiblecharacter.live/blog/creative-ways-invisible-characters,indexable,success,,en,10 Creative Ways to Use Invisible Characters,[Inference] Title、H1、URL 和页面正文信号
https://theinvisiblecharacter.live/blog/tiktok-invisible-characters,内容页或博客页,200,https://theinvisiblecharacter.live/blog/tiktok-invisible-characters,0,https://theinvisiblecharacter.live/blog/tiktok-invisible-characters,indexable,success,,en,TikTok Invisible Characters,[Inference] Title、H1、URL 和页面正文信号
https://theinvisiblecharacter.live/blog/discord-invisible-name,内容页或博客页,200,https://theinvisiblecharacter.live/blog/discord-invisible-name,0,https://theinvisiblecharacter.live/blog/discord-invisible-name,indexable,success,,en,Discord Invisible Name,[Inference] Title、H1、URL 和页面正文信号
https://theinvisiblecharacter.live/blog/fr/instagram-caracteres-invisibles,多语言页,200,https://theinvisiblecharacter.live/blog/fr/instagram-caracteres-invisibles,0,https://theinvisiblecharacter.live/blog/fr/instagram-caracteres-invisibles,indexable,success,,fr,Comment utiliser des caractères invisibles pour créer un bio Instagram parfait,[Inference] Title、H1、URL 和页面正文信号
https://theinvisiblecharacter.live/blog/fr/fortnite-nom-invisible,多语言页,200,https://theinvisiblecharacter.live/blog/fr/fortnite-nom-invisible,0,https://theinvisiblecharacter.live/blog/fr/fortnite-nom-invisible,indexable,success,,fr,Guide du Joueur,[Inference] Title、H1、URL 和页面正文信号
https://theinvisiblecharacter.live/blog/fr/whatsapp-messages-invisibles,多语言页,200,https://theinvisiblecharacter.live/blog/fr/whatsapp-messages-invisibles,0,https://theinvisiblecharacter.live/blog/fr/whatsapp-messages-invisibles,indexable,success,,fr,Messages Invisibles WhatsApp,[Inference] Title、H1、URL 和页面正文信号
https://theinvisiblecharacter.live/blog/fr/guide-technique-caracteres-invisibles,多语言页,200,https://theinvisiblecharacter.live/blog/fr/guide-technique-caracteres-invisibles,0,https://theinvisiblecharacter.live/blog/fr/guide-technique-caracteres-invisibles,indexable,success,,fr,Guide Technique des Caractères Invisibles,[Inference] Title、H1、URL 和页面正文信号
https://theinvisiblecharacter.live/blog/fr/tiktok-profil-caracteres-invisibles,多语言页,200,https://theinvisiblecharacter.live/blog/fr/tiktok-profil-caracteres-invisibles,0,https://theinvisiblecharacter.live/blog/fr/tiktok-profil-caracteres-invisibles,indexable,success,,fr,Caractères invisibles sur TikTok,[Inference] Title、H1、URL 和页面正文信号
https://theinvisiblecharacter.live/blog/fr/discord-nom-invisible,多语言页,200,https://theinvisiblecharacter.live/blog/fr/discord-nom-invisible,0,https://theinvisiblecharacter.live/blog/fr/discord-nom-invisible,indexable,success,,fr,Nom Discord invisible,[Inference] Title、H1、URL 和页面正文信号
https://theinvisiblecharacter.live/blog/fr/optimisation-stories-instagram,多语言页,200,https://theinvisiblecharacter.live/blog/fr/optimisation-stories-instagram,0,https://theinvisiblecharacter.live/blog/fr/optimisation-stories-instagram,indexable,success,,fr,Optimiser ses Instagram Stories,[Inference] Title、H1、URL 和页面正文信号
https://theinvisiblecharacter.live/blog/fr/guide-hashtags-instagram,多语言页,200,https://theinvisiblecharacter.live/blog/fr/guide-hashtags-instagram,0,https://theinvisiblecharacter.live/blog/fr/guide-hashtags-instagram,indexable,success,,fr,Guide hashtags Instagram,[Inference] Title、H1、URL 和页面正文信号
https://theinvisiblecharacter.live/blog/fr/strategies-croissance-instagram,多语言页,200,https://theinvisiblecharacter.live/blog/fr/strategies-croissance-instagram,0,https://theinvisiblecharacter.live/blog/fr/strategies-croissance-instagram,indexable,success,,fr,Stratégies de croissance Instagram,[Inference] Title、H1、URL 和页面正文信号
https://theinvisiblecharacter.live/privacy-policy,法律与信任页面,200,https://theinvisiblecharacter.live/privacy-policy,0,https://theinvisiblecharacter.live/privacy-policy,indexable,success,,en,Privacy Policy,[Inference] Title、H1、URL 和页面正文信号
https://theinvisiblecharacter.live/terms-of-service,法律与信任页面,200,https://theinvisiblecharacter.live/terms-of-service,0,https://theinvisiblecharacter.live/terms-of-service,indexable,success,,en,Terms of Service,[Inference] Title、H1、URL 和页面正文信号
https://theinvisiblecharacter.live/cookie-policy,法律与信任页面,200,https://theinvisiblecharacter.live/cookie-policy,0,https://theinvisiblecharacter.live/cookie-policy,indexable,success,,en,Cookie Policy,[Inference] Title、H1、URL 和页面正文信号
